{"mean":{"confidence_interval":{"confidence_level":0.95,"lower_bound":235160764.32,"upper_bound":257671372.54325},"point_estimate":245508674.99,"standard_error":5759199.602434943},"median":{"confidence_interval":{"confidence_level":0.95,"lower_bound":231385248.75,"upper_bound":242467882.0},"point_estimate":238551237.5,"standard_error":2728214.6932559577},"median_abs_dev":{"confidence_interval":{"confidence_level":0.95,"lower_bound":13594774.217994511,"upper_bound":33731212.466849945},"point_estimate":25046361.95933819,"standard_error":5449463.046316018},"slope":null,"std_dev":{"confidence_interval":{"confidence_level":0.95,"lower_bound":22944211.601844955,"upper_bound":56408083.6508487},"point_estimate":41641075.48240483,"standard_error":8672497.252032252}}