{"mean":{"confidence_interval":{"confidence_level":0.95,"lower_bound":-0.03804716328477842,"upper_bound":0.08965283911369169},"point_estimate":0.023218283116428484,"standard_error":0.032386407851274314},"median":{"confidence_interval":{"confidence_level":0.95,"lower_bound":-0.019741076809800306,"upper_bound":0.06765611485298462},"point_estimate":0.0403341429522992,"standard_error":0.021626305472497005}}