{"mean":{"confidence_interval":{"confidence_level":0.95,"lower_bound":148776413.43,"upper_bound":158762033.01725},"point_estimate":153777608.85,"standard_error":2545147.7043332616},"median":{"confidence_interval":{"confidence_level":0.95,"lower_bound":147844181.0,"upper_bound":161096246.0},"point_estimate":155309725.0,"standard_error":3518164.638173232},"median_abs_dev":{"confidence_interval":{"confidence_level":0.95,"lower_bound":22321380.272716284,"upper_bound":37163626.34001374},"point_estimate":32484838.08437884,"standard_error":3868290.9191591055},"slope":null,"std_dev":{"confidence_interval":{"confidence_level":0.95,"lower_bound":22529415.482929096,"upper_bound":28353820.29157447},"point_estimate":25612073.86915531,"standard_error":1489518.3867898923}}